{"cameraMode":{"drawMode":0,"name":"Shaded","section":"Shading Mode"},"sceneLighting":false,"audioPlay":false,"sceneViewState":{"m_AlwaysRefresh":false,"showFog":false,"showSkybox":false,"showFlares":true,"showImageEffects":true,"showParticleSystems":true,"showVisualEffectGraphs":true,"m_FxEnabled":true},"in2DMode":false,"pivot":{"x":0.5212235450744629,"y":-0.718433141708374,"z":-0.05751636624336243},"rotation":{"x":-0.21075716614723206,"y":-0.7328332662582398,"z":0.26088932156562807,"w":-0.5920577645301819},"size":1.0873949527740479,"orthographic":false}