{"cameraMode":{"drawMode":0,"name":"Shaded","section":"Shading Mode"},"sceneLighting":false,"audioPlay":false,"sceneViewState":{"m_AlwaysRefresh":false,"showFog":false,"showSkybox":false,"showFlares":true,"showImageEffects":true,"showParticleSystems":true,"showVisualEffectGraphs":true,"m_FxEnabled":true},"in2DMode":false,"pivot":{"x":0.0013467669486999512,"y":0.836152970790863,"z":0.06248953938484192},"rotation":{"x":0.03225287050008774,"y":0.9525526165962219,"z":-0.28249940276145937,"w":0.10874639451503754},"size":1.1367202997207642,"orthographic":false}