{"cameraMode":{"drawMode":0,"name":"Shaded","section":"Shading Mode"},"sceneLighting":false,"audioPlay":false,"sceneViewState":{"m_AlwaysRefresh":false,"showFog":false,"showSkybox":false,"showFlares":true,"showImageEffects":true,"showParticleSystems":true,"showVisualEffectGraphs":true,"m_FxEnabled":true},"in2DMode":false,"pivot":{"x":0.17022883892059327,"y":0.8899025917053223,"z":-0.09572780132293701},"rotation":{"x":0.01083869393914938,"y":0.9670750498771668,"z":-0.25086140632629397,"w":0.041775621473789218},"size":0.9948219060897827,"orthographic":false}