{"cameraMode":{"drawMode":0,"name":"Shaded","section":"Shading Mode"},"sceneLighting":false,"audioPlay":false,"sceneViewState":{"m_AlwaysRefresh":false,"showFog":false,"showSkybox":false,"showFlares":true,"showImageEffects":true,"showParticleSystems":true,"showVisualEffectGraphs":true,"m_FxEnabled":true},"in2DMode":false,"pivot":{"x":0.0013467073440551758,"y":0.8517106771469116,"z":0.033215150237083438},"rotation":{"x":0.03225287050008774,"y":0.9525526165962219,"z":-0.28249940276145937,"w":0.10874639451503754},"size":1.3207380771636963,"orthographic":false}