{"cameraMode":{"drawMode":0,"name":"Shaded","section":"Shading Mode"},"sceneLighting":false,"audioPlay":false,"sceneViewState":{"m_AlwaysRefresh":false,"showFog":false,"showSkybox":false,"showFlares":true,"showImageEffects":true,"showParticleSystems":true,"showVisualEffectGraphs":true,"m_FxEnabled":true},"in2DMode":false,"pivot":{"x":0.02881169319152832,"y":0.07826930284500122,"z":-0.19832086563110352},"rotation":{"x":-0.18994230031967164,"y":-0.6731176376342773,"z":0.18521088361740113,"w":-0.6903542280197144},"size":1.4855732917785645,"orthographic":false}