{"cameraMode":{"drawMode":0,"name":"Shaded","section":"Shading Mode"},"sceneLighting":false,"audioPlay":false,"sceneViewState":{"m_AlwaysRefresh":false,"showFog":false,"showSkybox":false,"showFlares":true,"showImageEffects":true,"showParticleSystems":true,"showVisualEffectGraphs":true,"m_FxEnabled":true},"in2DMode":false,"pivot":{"x":0.036688268184661868,"y":-0.485326886177063,"z":0.015987873077392579},"rotation":{"x":-0.179884135723114,"y":-0.8120092153549194,"z":0.32386451959609988,"w":-0.451056569814682},"size":0.7982147932052612,"orthographic":false}