{"cameraMode":{"drawMode":0,"name":"Shaded","section":"Shading Mode"},"sceneLighting":false,"audioPlay":false,"sceneViewState":{"m_AlwaysRefresh":false,"showFog":false,"showSkybox":false,"showFlares":true,"showImageEffects":true,"showParticleSystems":true,"showVisualEffectGraphs":true,"m_FxEnabled":true},"in2DMode":false,"pivot":{"x":-0.17836254835128785,"y":0.9014902114868164,"z":-0.8196567296981812},"rotation":{"x":0.0013538937782868744,"y":-0.9921455383300781,"z":0.12618708610534669,"w":0.01138948556035757},"size":1.4076505899429322,"orthographic":false}