{"cameraMode":{"drawMode":0,"name":"Shaded","section":"Shading Mode"},"sceneLighting":false,"audioPlay":false,"sceneViewState":{"m_AlwaysRefresh":false,"showFog":false,"showSkybox":false,"showFlares":true,"showImageEffects":true,"showParticleSystems":true,"showVisualEffectGraphs":true,"m_FxEnabled":true},"in2DMode":false,"pivot":{"x":0.3072073459625244,"y":0.6494359970092773,"z":-0.88100266456604},"rotation":{"x":0.006809589918702841,"y":0.991265058517456,"z":-0.10580579936504364,"w":0.08103685826063156},"size":1.3605937957763672,"orthographic":false}