{"cameraMode":{"drawMode":0,"name":"Shaded","section":"Shading Mode"},"sceneLighting":false,"audioPlay":false,"sceneViewState":{"m_AlwaysRefresh":false,"showFog":false,"showSkybox":false,"showFlares":true,"showImageEffects":true,"showParticleSystems":true,"showVisualEffectGraphs":true,"m_FxEnabled":true},"in2DMode":false,"pivot":{"x":0.07844686508178711,"y":-0.4980955123901367,"z":-0.06464193016290665},"rotation":{"x":-0.21789591014385224,"y":-0.6759262681007385,"z":0.22025884687900544,"w":-0.6687217950820923},"size":1.0031808614730836,"orthographic":false}