{"cameraMode":{"drawMode":0,"name":"Shaded","section":"Shading Mode"},"sceneLighting":false,"audioPlay":false,"sceneViewState":{"m_AlwaysRefresh":false,"showFog":false,"showSkybox":false,"showFlares":true,"showImageEffects":true,"showParticleSystems":true,"showVisualEffectGraphs":true,"m_FxEnabled":true},"in2DMode":false,"pivot":{"x":0.1477828174829483,"y":0.7992638349533081,"z":-0.31527769565582278},"rotation":{"x":-0.011494804173707962,"y":0.9790135025978088,"z":-0.19520483911037446,"w":-0.05766085535287857},"size":1.0866485834121705,"orthographic":false}