{"cameraMode":{"drawMode":0,"name":"Shaded","section":"Shading Mode"},"sceneLighting":false,"audioPlay":false,"sceneViewState":{"m_AlwaysRefresh":false,"showFog":false,"showSkybox":false,"showFlares":true,"showImageEffects":true,"showParticleSystems":true,"showVisualEffectGraphs":true,"m_FxEnabled":true},"in2DMode":false,"pivot":{"x":0.22888366878032685,"y":0.6264581084251404,"z":-1.1771759986877442},"rotation":{"x":-0.0038704012986272575,"y":-0.9930970668792725,"z":0.11421369761228562,"w":-0.03330973535776138},"size":1.8737878799438477,"orthographic":false}