{"cameraMode":{"drawMode":0,"name":"Shaded","section":"Shading Mode"},"sceneLighting":false,"audioPlay":false,"sceneViewState":{"m_AlwaysRefresh":false,"showFog":false,"showSkybox":false,"showFlares":false,"showImageEffects":false,"showParticleSystems":false,"showVisualEffectGraphs":true,"m_FxEnabled":true},"in2DMode":false,"pivot":{"x":-0.00009590387344360352,"y":0.8211603760719299,"z":0.042239345610141757},"rotation":{"x":-0.0009371640044264495,"y":0.9780353307723999,"z":-0.20846162736415864,"w":-0.004400926176458597},"size":0.51686030626297,"orthographic":false}