{"cameraMode":{"drawMode":0,"name":"Shaded","section":"Shading Mode"},"sceneLighting":false,"audioPlay":false,"sceneViewState":{"m_AlwaysRefresh":false,"showFog":false,"showSkybox":false,"showFlares":false,"showImageEffects":false,"showParticleSystems":false,"showVisualEffectGraphs":true,"m_FxEnabled":true},"in2DMode":false,"pivot":{"x":0.338544100522995,"y":1.1896562576293946,"z":-0.11522181332111359},"rotation":{"x":-0.0009371640044264495,"y":0.9780353307723999,"z":-0.20846162736415864,"w":-0.004400926176458597},"size":1.1847658157348633,"orthographic":false}