{"cameraMode":{"drawMode":0,"name":"Shaded","section":"Shading Mode"},"sceneLighting":false,"audioPlay":false,"sceneViewState":{"m_AlwaysRefresh":false,"showFog":true,"showSkybox":false,"showFlares":true,"showImageEffects":true,"showParticleSystems":true,"showVisualEffectGraphs":true,"m_FxEnabled":true},"in2DMode":false,"pivot":{"x":-1.862645149230957e-8,"y":-0.02771337702870369,"z":-0.014809131622314453},"rotation":{"x":0.05362175777554512,"y":0.946094274520874,"z":-0.21355298161506654,"w":0.2375507354736328},"size":0.6842831373214722,"orthographic":false}