{"cameraMode":{"drawMode":0,"name":"Shaded","section":"Shading Mode"},"sceneLighting":false,"audioPlay":false,"sceneViewState":{"showFog":true,"showMaterialUpdate":false,"showSkybox":false,"showFlares":true,"showImageEffects":true,"showParticleSystems":true},"in2DMode":false,"pivot":{"x":0.042256228625774387,"y":0.9501960277557373,"z":-0.3122032880783081},"rotation":{"x":0.011051078327000142,"y":-0.974531352519989,"z":0.21875108778476716,"w":0.049259770661592486},"size":1.611678123474121,"orthographic":false}