{"cameraMode":{"drawMode":0,"name":"Shaded","section":"Shading Mode"},"sceneLighting":false,"audioPlay":false,"sceneViewState":{"showFog":true,"showMaterialUpdate":false,"showSkybox":false,"showFlares":true,"showImageEffects":true,"showParticleSystems":true},"in2DMode":false,"pivot":{"x":-0.00009584426879882813,"y":0.8086026906967163,"z":-0.05772422254085541},"rotation":{"x":0.006363346707075834,"y":-0.8983011245727539,"z":0.43926802277565,"w":0.013032613322138787},"size":1.3868013620376588,"orthographic":false}