{"cameraMode":{"drawMode":0,"name":"Shaded","section":"Shading Mode"},"sceneLighting":false,"audioPlay":false,"sceneViewState":{"showFog":true,"showMaterialUpdate":false,"showSkybox":false,"showFlares":true,"showImageEffects":true,"showParticleSystems":true},"in2DMode":false,"pivot":{"x":-0.1673436164855957,"y":0.8528187870979309,"z":-0.6917322874069214},"rotation":{"x":0.0025070945266634228,"y":-0.9875029921531677,"z":0.15714231133460999,"w":0.015805451199412347},"size":1.2318975925445557,"orthographic":false}