{"cameraMode":{"drawMode":0,"name":"Shaded","section":"Shading Mode"},"sceneLighting":false,"audioPlay":false,"sceneViewState":{"showFog":true,"showMaterialUpdate":false,"showSkybox":false,"showFlares":true,"showImageEffects":true,"showParticleSystems":true},"in2DMode":false,"pivot":{"x":1.7097922563552857,"y":0.8073065280914307,"z":1.3926985263824463},"rotation":{"x":0.006363346707075834,"y":-0.8983011245727539,"z":0.43926802277565,"w":0.013032613322138787},"size":1.320933222770691,"orthographic":false}