{"cameraMode":{"drawMode":0,"name":"Shaded","section":"Shading Mode"},"sceneLighting":false,"audioPlay":false,"sceneViewState":{"showFog":true,"showMaterialUpdate":false,"showSkybox":false,"showFlares":true,"showImageEffects":true,"showParticleSystems":true},"in2DMode":false,"pivot":{"x":0.5351561903953552,"y":0.8746572732925415,"z":-1.210991382598877},"rotation":{"x":0.0013209107564762235,"y":-0.9947430491447449,"z":0.10212651640176773,"w":0.012935934588313103},"size":2.5116779804229738,"orthographic":false}