{"cameraMode":{"drawMode":0,"name":"Shaded","section":"Shading Mode"},"sceneLighting":false,"audioPlay":false,"sceneViewState":{"showFog":true,"showMaterialUpdate":false,"showSkybox":false,"showFlares":true,"showImageEffects":true,"showParticleSystems":true},"in2DMode":false,"pivot":{"x":-0.00009590387344360352,"y":0.8086026906967163,"z":0.07508498430252075},"rotation":{"x":0.006363346707075834,"y":-0.8983011245727539,"z":0.43926802277565,"w":0.013032613322138787},"size":1.308401346206665,"orthographic":false}