{"cameraMode":{"drawMode":0,"name":"Shaded","section":"Shading Mode"},"sceneLighting":false,"audioPlay":false,"sceneViewState":{"showFog":true,"showMaterialUpdate":false,"showSkybox":false,"showFlares":true,"showImageEffects":true,"showParticleSystems":true},"in2DMode":false,"pivot":{"x":-0.00009590387344360352,"y":0.8211603760719299,"z":0.049165546894073489},"rotation":{"x":0.006363346707075834,"y":-0.8983011245727539,"z":0.43926802277565,"w":0.013032613322138787},"size":1.321704387664795,"orthographic":false}