{"cameraMode":{"drawMode":0,"name":"Shaded","section":"Shading Mode"},"sceneLighting":false,"audioPlay":false,"sceneViewState":{"showFog":true,"showMaterialUpdate":false,"showSkybox":false,"showFlares":true,"showImageEffects":true,"showParticleSystems":true},"in2DMode":false,"pivot":{"x":-0.004886507987976074,"y":0.9310240149497986,"z":-15.844486236572266},"rotation":{"x":0.006363346707075834,"y":-0.8983011245727539,"z":0.43926802277565,"w":0.013032613322138787},"size":1.5983961820602418,"orthographic":false}